[{"model": "auth.permission", "pk": 1, "fields": {"name": "Can add log entry", "content_type": 1, "codename": "add_logentry"}}, {"model": "auth.permission", "pk": 2, "fields": {"name": "Can change log entry", "content_type": 1, "codename": "change_logentry"}}, {"model": "auth.permission", "pk": 3, "fields": {"name": "Can delete log entry", "content_type": 1, "codename": "delete_logentry"}}, {"model": "auth.permission", "pk": 4, "fields": {"name": "Can view log entry", "content_type": 1, "codename": "view_logentry"}}, {"model": "auth.permission", "pk": 5, "fields": {"name": "Can add permission", "content_type": 2, "codename": "add_permission"}}, {"model": "auth.permission", "pk": 6, "fields": {"name": "Can change permission", "content_type": 2, "codename": "change_permission"}}, {"model": "auth.permission", "pk": 7, "fields": {"name": "Can delete permission", "content_type": 2, "codename": "delete_permission"}}, {"model": "auth.permission", "pk": 8, "fields": {"name": "Can view permission", "content_type": 2, "codename": "view_permission"}}, {"model": "auth.permission", "pk": 9, "fields": {"name": "Can add group", "content_type": 3, "codename": "add_group"}}, {"model": "auth.permission", "pk": 10, "fields": {"name": "Can change group", "content_type": 3, "codename": "change_group"}}, {"model": "auth.permission", "pk": 11, "fields": {"name": "Can delete group", "content_type": 3, "codename": "delete_group"}}, {"model": "auth.permission", "pk": 12, "fields": {"name": "Can view group", "content_type": 3, "codename": "view_group"}}, {"model": "auth.permission", "pk": 13, "fields": {"name": "Can add user", "content_type": 4, "codename": "add_user"}}, {"model": "auth.permission", "pk": 14, "fields": {"name": "Can change user", "content_type": 4, "codename": "change_user"}}, {"model": "auth.permission", "pk": 15, "fields": {"name": "Can delete user", "content_type": 4, "codename": "delete_user"}}, {"model": "auth.permission", "pk": 16, "fields": {"name": "Can view user", "content_type": 4, "codename": "view_user"}}, {"model": "auth.permission", "pk": 17, "fields": {"name": "Can add content type", "content_type": 5, "codename": "add_contenttype"}}, {"model": "auth.permission", "pk": 18, "fields": {"name": "Can change content type", "content_type": 5, "codename": "change_contenttype"}}, {"model": "auth.permission", "pk": 19, "fields": {"name": "Can delete content type", "content_type": 5, "codename": "delete_contenttype"}}, {"model": "auth.permission", "pk": 20, "fields": {"name": "Can view content type", "content_type": 5, "codename": "view_contenttype"}}, {"model": "auth.permission", "pk": 21, "fields": {"name": "Can add session", "content_type": 6, "codename": "add_session"}}, {"model": "auth.permission", "pk": 22, "fields": {"name": "Can change session", "content_type": 6, "codename": "change_session"}}, {"model": "auth.permission", "pk": 23, "fields": {"name": "Can delete session", "content_type": 6, "codename": "delete_session"}}, {"model": "auth.permission", "pk": 24, "fields": {"name": "Can view session", "content_type": 6, "codename": "view_session"}}, {"model": "auth.permission", "pk": 25, "fields": {"name": "Can add cuadrante", "content_type": 7, "codename": "add_cuadrante"}}, {"model": "auth.permission", "pk": 26, "fields": {"name": "Can change cuadrante", "content_type": 7, "codename": "change_cuadrante"}}, {"model": "auth.permission", "pk": 27, "fields": {"name": "Can delete cuadrante", "content_type": 7, "codename": "delete_cuadrante"}}, {"model": "auth.permission", "pk": 28, "fields": {"name": "Can view cuadrante", "content_type": 7, "codename": "view_cuadrante"}}, {"model": "auth.permission", "pk": 29, "fields": {"name": "Can add estacion", "content_type": 8, "codename": "add_estacion"}}, {"model": "auth.permission", "pk": 30, "fields": {"name": "Can change estacion", "content_type": 8, "codename": "change_estacion"}}, {"model": "auth.permission", "pk": 31, "fields": {"name": "Can delete estacion", "content_type": 8, "codename": "delete_estacion"}}, {"model": "auth.permission", "pk": 32, "fields": {"name": "Can view estacion", "content_type": 8, "codename": "view_estacion"}}, {"model": "auth.permission", "pk": 33, "fields": {"name": "Can add delito", "content_type": 9, "codename": "add_delito"}}, {"model": "auth.permission", "pk": 34, "fields": {"name": "Can change delito", "content_type": 9, "codename": "change_delito"}}, {"model": "auth.permission", "pk": 35, "fields": {"name": "Can delete delito", "content_type": 9, "codename": "delete_delito"}}, {"model": "auth.permission", "pk": 36, "fields": {"name": "Can view delito", "content_type": 9, "codename": "view_delito"}}, {"model": "auth.user", "pk": 1, "fields": {"password": "pbkdf2_sha256$600000$lYIsqvlxcqxorqd6VchlR3$iPxdWpKElNI3WUuTDxDB+abWdgEAjIkTU+jtY51hgZo=", "last_login": "2025-05-19T13:04:36.083Z", "is_superuser": true, "username": "admin_policia", "first_name": "", "last_name": "", "email": "william.gonzalez444@casur.gov.co", "is_staff": true, "is_active": true, "date_joined": "2025-05-19T12:57:27.146Z", "groups": [], "user_permissions": []}}, {"model": "contenttypes.contenttype", "pk": 1, "fields": {"app_label": "admin", "model": "logentry"}}, {"model": "contenttypes.contenttype", "pk": 2, "fields": {"app_label": "auth", "model": "permission"}}, {"model": "contenttypes.contenttype", "pk": 3, "fields": {"app_label": "auth", "model": "group"}}, {"model": "contenttypes.contenttype", "pk": 4, "fields": {"app_label": "auth", "model": "user"}}, {"model": "contenttypes.contenttype", "pk": 5, "fields": {"app_label": "contenttypes", "model": "contenttype"}}, {"model": "contenttypes.contenttype", "pk": 6, "fields": {"app_label": "sessions", "model": "session"}}, {"model": "contenttypes.contenttype", "pk": 7, "fields": {"app_label": "vigilancia", "model": "cuadrante"}}, {"model": "contenttypes.contenttype", "pk": 8, "fields": {"app_label": "vigilancia", "model": "estacion"}}, {"model": "contenttypes.contenttype", "pk": 9, "fields": {"app_label": "vigilancia", "model": "delito"}}, {"model": "sessions.session", "pk": "hjiu5fc4fqitkvsqklcybqnthwgrs2qz", "fields": {"session_data": ".eJxVjEEOwiAQRe_C2hDo0CIu3XsGMsyAVA0kpV0Z725JutDtf-_9t_C4rdlvLS5-ZnERWpx-t4D0jKUDfmC5V0m1rMscZFfkQZu8VY6v6-H-HWRsudcAY3QwQNKkUuAIITiXkCet2LIZCGlKQGdrnQGzA7W7GJJhB1GP4vMFAoY4vg:1uH0AW:_KNSbTvuMq_jDoc8EzQYh-5V2KIiNqxUmSwSqc2a2mA", "expire_date": "2025-06-02T13:04:36.083Z"}}, {"model": "vigilancia.estacion", "pk": 1, "fields": {"nombre": "E-1 ESTACION TERRON COLORADO", "direccion": ""}}, {"model": "vigilancia.estacion", "pk": 2, "fields": {"nombre": "E-2 ESTACION LA FLORA", "direccion": ""}}, {"model": "vigilancia.estacion", "pk": 3, "fields": {"nombre": "E-3 ESTACION FRAY DAMIAN", "direccion": ""}}, {"model": "vigilancia.estacion", "pk": 4, "fields": {"nombre": "E-4 ESTACION SAN FRANCISCO", "direccion": ""}}, {"model": "vigilancia.cuadrante", "pk": 1, "fields": {"nombre": "CUADRANTE 1", "estacion": 1}}, {"model": "vigilancia.cuadrante", "pk": 2, "fields": {"nombre": "CUADRANTE 2", "estacion": 1}}, {"model": "vigilancia.cuadrante", "pk": 3, "fields": {"nombre": "CUADRANTE 3", "estacion": 1}}, {"model": "vigilancia.cuadrante", "pk": 4, "fields": {"nombre": "CUADRANTE 4", "estacion": 1}}, {"model": "vigilancia.cuadrante", "pk": 5, "fields": {"nombre": "CUADRANTE 5", "estacion": 1}}, {"model": "vigilancia.cuadrante", "pk": 6, "fields": {"nombre": "CUADRANTE 6", "estacion": 1}}, {"model": "vigilancia.cuadrante", "pk": 7, "fields": {"nombre": "CUADRANTE 7", "estacion": 1}}, {"model": "vigilancia.cuadrante", "pk": 8, "fields": {"nombre": "CUADRANTE 8", "estacion": 1}}, {"model": "vigilancia.cuadrante", "pk": 9, "fields": {"nombre": "CUADRANTE 9", "estacion": 1}}, {"model": "vigilancia.cuadrante", "pk": 10, "fields": {"nombre": "CUADRANTE 1", "estacion": 2}}, {"model": "vigilancia.cuadrante", "pk": 11, "fields": {"nombre": "CUADRANTE 2", "estacion": 2}}, {"model": "vigilancia.cuadrante", "pk": 12, "fields": {"nombre": "CUADRANTE 3", "estacion": 2}}, {"model": "vigilancia.cuadrante", "pk": 13, "fields": {"nombre": "CUADRANTE 4", "estacion": 2}}, {"model": "vigilancia.cuadrante", "pk": 14, "fields": {"nombre": "CUADRANTE 5", "estacion": 2}}, {"model": "vigilancia.cuadrante", "pk": 15, "fields": {"nombre": "CUADRANTE 6", "estacion": 2}}, {"model": "vigilancia.cuadrante", "pk": 16, "fields": {"nombre": "CUADRANTE 7", "estacion": 2}}, {"model": "vigilancia.cuadrante", "pk": 17, "fields": {"nombre": "CUADRANTE 8", "estacion": 2}}, {"model": "vigilancia.cuadrante", "pk": 18, "fields": {"nombre": "CUADRANTE 9", "estacion": 2}}, {"model": "vigilancia.cuadrante", "pk": 19, "fields": {"nombre": "CUADRANTE 10", "estacion": 2}}, {"model": "vigilancia.cuadrante", "pk": 20, "fields": {"nombre": "CUADRANTE 1", "estacion": 3}}, {"model": "vigilancia.cuadrante", "pk": 21, "fields": {"nombre": "CUADRANTE 2", "estacion": 3}}, {"model": "vigilancia.cuadrante", "pk": 22, "fields": {"nombre": "CUADRANTE 3", "estacion": 3}}, {"model": "vigilancia.cuadrante", "pk": 23, "fields": {"nombre": "CUADRANTE 4", "estacion": 3}}, {"model": "vigilancia.cuadrante", "pk": 24, "fields": {"nombre": "CUADRANTE 5", "estacion": 3}}, {"model": "vigilancia.cuadrante", "pk": 25, "fields": {"nombre": "CUADRANTE 6", "estacion": 3}}, {"model": "vigilancia.cuadrante", "pk": 26, "fields": {"nombre": "CUADRANTE 7", "estacion": 3}}, {"model": "vigilancia.cuadrante", "pk": 27, "fields": {"nombre": "CUADRANTE 8", "estacion": 3}}, {"model": "vigilancia.cuadrante", "pk": 28, "fields": {"nombre": "CUADRANTE 9", "estacion": 3}}, {"model": "vigilancia.cuadrante", "pk": 29, "fields": {"nombre": "CUADRANTE 10", "estacion": 3}}, {"model": "vigilancia.cuadrante", "pk": 30, "fields": {"nombre": "CUADRANTE 11", "estacion": 3}}, {"model": "vigilancia.cuadrante", "pk": 31, "fields": {"nombre": "CUADRANTE 1", "estacion": 4}}, {"model": "vigilancia.cuadrante", "pk": 32, "fields": {"nombre": "CUADRANTE 2", "estacion": 4}}, {"model": "vigilancia.cuadrante", "pk": 33, "fields": {"nombre": "CUADRANTE 3", "estacion": 4}}, {"model": "vigilancia.cuadrante", "pk": 34, "fields": {"nombre": "CUADRANTE 4", "estacion": 4}}, {"model": "vigilancia.cuadrante", "pk": 35, "fields": {"nombre": "CUADRANTE 5", "estacion": 4}}, {"model": "vigilancia.cuadrante", "pk": 36, "fields": {"nombre": "CUADRANTE 6", "estacion": 4}}, {"model": "vigilancia.cuadrante", "pk": 37, "fields": {"nombre": "CUADRANTE 7", "estacion": 4}}, {"model": "vigilancia.cuadrante", "pk": 38, "fields": {"nombre": "CUADRANTE 8", "estacion": 4}}, {"model": "vigilancia.cuadrante", "pk": 39, "fields": {"nombre": "CUADRANTE 9", "estacion": 4}}, {"model": "vigilancia.cuadrante", "pk": 40, "fields": {"nombre": "CUADRANTE 10", "estacion": 4}}, {"model": "vigilancia.delito", "pk": 1, "fields": {"tipo": "homicidio", "fecha": "2023-07-01", "cuadrante": 1, "descripcion": "Cargado desde Excel", "semana": 1, "cantidad": 2}}, {"model": "vigilancia.delito", "pk": 2, "fields": {"tipo": "homicidio", "fecha": "2024-07-01", "cuadrante": 1, "descripcion": "Cargado desde Excel", "semana": 1, "cantidad": 1}}, {"model": "vigilancia.delito", "pk": 3, "fields": {"tipo": "lesiones", "fecha": "2023-07-01", "cuadrante": 1, "descripcion": "Cargado desde Excel", "semana": 1, "cantidad": 1}}, {"model": "vigilancia.delito", "pk": 4, "fields": {"tipo": "hurto_personas", "fecha": "2023-07-01", "cuadrante": 1, "descripcion": "Cargado desde Excel", "semana": 1, "cantidad": 1}}, {"model": "vigilancia.delito", "pk": 5, "fields": {"tipo": "hurto_personas", "fecha": "2024-07-01", "cuadrante": 1, "descripcion": "Cargado desde Excel", "semana": 1, "cantidad": 2}}, {"model": "vigilancia.delito", "pk": 6, "fields": {"tipo": "hurto_automotores", "fecha": "2023-07-01", "cuadrante": 1, "descripcion": "Cargado desde Excel", "semana": 1, "cantidad": 2}}, {"model": "vigilancia.delito", "pk": 7, "fields": {"tipo": "hurto_motocicletas", "fecha": "2023-07-01", "cuadrante": 1, "descripcion": "Cargado desde Excel", "semana": 1, "cantidad": 4}}, {"model": "vigilancia.delito", "pk": 8, "fields": {"tipo": "hurto_motocicletas", "fecha": "2024-07-01", "cuadrante": 1, "descripcion": "Cargado desde Excel", "semana": 1, "cantidad": 2}}, {"model": "vigilancia.delito", "pk": 9, "fields": {"tipo": "hurto_residencias", "fecha": "2023-07-01", "cuadrante": 1, "descripcion": "Cargado desde Excel", "semana": 1, "cantidad": 2}}, {"model": "vigilancia.delito", "pk": 10, "fields": {"tipo": "hurto_comercio", "fecha": "2023-07-01", "cuadrante": 1, "descripcion": "Cargado desde Excel", "semana": 1, "cantidad": 1}}, {"model": "vigilancia.delito", "pk": 11, "fields": {"tipo": "hurto_comercio", "fecha": "2024-07-01", "cuadrante": 1, "descripcion": "Cargado desde Excel", "semana": 1, "cantidad": 1}}, {"model": "vigilancia.delito", "pk": 12, "fields": {"tipo": "homicidio", "fecha": "2023-07-01", "cuadrante": 2, "descripcion": "Cargado desde Excel", "semana": 1, "cantidad": 2}}, {"model": "vigilancia.delito", "pk": 13, "fields": {"tipo": "hurto_automotores", "fecha": "2023-07-01", "cuadrante": 2, "descripcion": "Cargado desde Excel", "semana": 1, "cantidad": 2}}, {"model": "vigilancia.delito", "pk": 14, "fields": {"tipo": "hurto_motocicletas", "fecha": "2023-07-01", "cuadrante": 2, "descripcion": "Cargado desde Excel", "semana": 1, "cantidad": 4}}, {"model": "vigilancia.delito", "pk": 15, "fields": {"tipo": "hurto_motocicletas", "fecha": "2024-07-01", "cuadrante": 2, "descripcion": "Cargado desde Excel", "semana": 1, "cantidad": 2}}, {"model": "vigilancia.delito", "pk": 16, "fields": {"tipo": "hurto_residencias", "fecha": "2023-07-01", "cuadrante": 2, "descripcion": "Cargado desde Excel", "semana": 1, "cantidad": 2}}, {"model": "vigilancia.delito", "pk": 17, "fields": {"tipo": "hurto_comercio", "fecha": "2023-07-01", "cuadrante": 2, "descripcion": "Cargado desde Excel", "semana": 1, "cantidad": 1}}, {"model": "vigilancia.delito", "pk": 18, "fields": {"tipo": "hurto_comercio", "fecha": "2024-07-01", "cuadrante": 2, "descripcion": "Cargado desde Excel", "semana": 1, "cantidad": 1}}, {"model": "vigilancia.delito", "pk": 19, "fields": {"tipo": "homicidio", "fecha": "2023-07-01", "cuadrante": 3, "descripcion": "Cargado desde Excel", "semana": 1, "cantidad": 2}}, {"model": "vigilancia.delito", "pk": 20, "fields": {"tipo": "lesiones", "fecha": "2024-07-01", "cuadrante": 3, "descripcion": "Cargado desde Excel", "semana": 1, "cantidad": 2}}, {"model": "vigilancia.delito", "pk": 21, "fields": {"tipo": "hurto_automotores", "fecha": "2023-07-01", "cuadrante": 3, "descripcion": "Cargado desde Excel", "semana": 1, "cantidad": 2}}, {"model": "vigilancia.delito", "pk": 22, "fields": {"tipo": "hurto_motocicletas", "fecha": "2023-07-01", "cuadrante": 3, "descripcion": "Cargado desde Excel", "semana": 1, "cantidad": 4}}, {"model": "vigilancia.delito", "pk": 23, "fields": {"tipo": "hurto_motocicletas", "fecha": "2024-07-01", "cuadrante": 3, "descripcion": "Cargado desde Excel", "semana": 1, "cantidad": 2}}, {"model": "vigilancia.delito", "pk": 24, "fields": {"tipo": "hurto_residencias", "fecha": "2023-07-01", "cuadrante": 3, "descripcion": "Cargado desde Excel", "semana": 1, "cantidad": 2}}, {"model": "vigilancia.delito", "pk": 25, "fields": {"tipo": "hurto_comercio", "fecha": "2023-07-01", "cuadrante": 3, "descripcion": "Cargado desde Excel", "semana": 1, "cantidad": 1}}, {"model": "vigilancia.delito", "pk": 26, "fields": {"tipo": "hurto_comercio", "fecha": "2024-07-01", "cuadrante": 3, "descripcion": "Cargado desde Excel", "semana": 1, "cantidad": 1}}, {"model": "vigilancia.delito", "pk": 27, "fields": {"tipo": "homicidio", "fecha": "2023-07-01", "cuadrante": 4, "descripcion": "Cargado desde Excel", "semana": 1, "cantidad": 2}}, {"model": "vigilancia.delito", "pk": 28, "fields": {"tipo": "homicidio", "fecha": "2024-07-01", "cuadrante": 4, "descripcion": "Cargado desde Excel", "semana": 1, "cantidad": 6}}, {"model": "vigilancia.delito", "pk": 29, "fields": {"tipo": "hurto_automotores", "fecha": "2023-07-01", "cuadrante": 4, "descripcion": "Cargado desde Excel", "semana": 1, "cantidad": 2}}, {"model": "vigilancia.delito", "pk": 30, "fields": {"tipo": "hurto_motocicletas", "fecha": "2023-07-01", "cuadrante": 4, "descripcion": "Cargado desde Excel", "semana": 1, "cantidad": 4}}, {"model": "vigilancia.delito", "pk": 31, "fields": {"tipo": "hurto_motocicletas", "fecha": "2024-07-01", "cuadrante": 4, "descripcion": "Cargado desde Excel", "semana": 1, "cantidad": 2}}, {"model": "vigilancia.delito", "pk": 32, "fields": {"tipo": "hurto_residencias", "fecha": "2023-07-01", "cuadrante": 4, "descripcion": "Cargado desde Excel", "semana": 1, "cantidad": 2}}, {"model": "vigilancia.delito", "pk": 33, "fields": {"tipo": "hurto_comercio", "fecha": "2023-07-01", "cuadrante": 4, "descripcion": "Cargado desde Excel", "semana": 1, "cantidad": 1}}, {"model": "vigilancia.delito", "pk": 34, "fields": {"tipo": "hurto_comercio", "fecha": "2024-07-01", "cuadrante": 4, "descripcion": "Cargado desde Excel", "semana": 1, "cantidad": 1}}, {"model": "vigilancia.delito", "pk": 35, "fields": {"tipo": "homicidio", "fecha": "2023-07-01", "cuadrante": 5, "descripcion": "Cargado desde Excel", "semana": 1, "cantidad": 2}}, {"model": "vigilancia.delito", "pk": 36, "fields": {"tipo": "lesiones", "fecha": "2024-07-01", "cuadrante": 5, "descripcion": "Cargado desde Excel", "semana": 1, "cantidad": 5}}, {"model": "vigilancia.delito", "pk": 37, "fields": {"tipo": "hurto_automotores", "fecha": "2023-07-01", "cuadrante": 5, "descripcion": "Cargado desde Excel", "semana": 1, "cantidad": 2}}, {"model": "vigilancia.delito", "pk": 38, "fields": {"tipo": "hurto_automotores", "fecha": "2024-07-01", "cuadrante": 5, "descripcion": "Cargado desde Excel", "semana": 1, "cantidad": 1}}, {"model": "vigilancia.delito", "pk": 39, "fields": {"tipo": "hurto_motocicletas", "fecha": "2023-07-01", "cuadrante": 5, "descripcion": "Cargado desde Excel", "semana": 1, "cantidad": 4}}, {"model": "vigilancia.delito", "pk": 40, "fields": {"tipo": "hurto_motocicletas", "fecha": "2024-07-01", "cuadrante": 5, "descripcion": "Cargado desde Excel", "semana": 1, "cantidad": 2}}, {"model": "vigilancia.delito", "pk": 41, "fields": {"tipo": "hurto_residencias", "fecha": "2023-07-01", "cuadrante": 5, "descripcion": "Cargado desde Excel", "semana": 1, "cantidad": 2}}, {"model": "vigilancia.delito", "pk": 42, "fields": {"tipo": "hurto_comercio", "fecha": "2023-07-01", "cuadrante": 5, "descripcion": "Cargado desde Excel", "semana": 1, "cantidad": 1}}, {"model": "vigilancia.delito", "pk": 43, "fields": {"tipo": "hurto_comercio", "fecha": "2024-07-01", "cuadrante": 5, "descripcion": "Cargado desde Excel", "semana": 1, "cantidad": 1}}, {"model": "vigilancia.delito", "pk": 44, "fields": {"tipo": "homicidio", "fecha": "2023-07-01", "cuadrante": 6, "descripcion": "Cargado desde Excel", "semana": 1, "cantidad": 2}}, {"model": "vigilancia.delito", "pk": 45, "fields": {"tipo": "homicidio", "fecha": "2024-07-01", "cuadrante": 6, "descripcion": "Cargado desde Excel", "semana": 1, "cantidad": 7}}, {"model": "vigilancia.delito", "pk": 46, "fields": {"tipo": "hurto_automotores", "fecha": "2023-07-01", "cuadrante": 6, "descripcion": "Cargado desde Excel", "semana": 1, "cantidad": 2}}, {"model": "vigilancia.delito", "pk": 47, "fields": {"tipo": "hurto_motocicletas", "fecha": "2023-07-01", "cuadrante": 6, "descripcion": "Cargado desde Excel", "semana": 1, "cantidad": 4}}, {"model": "vigilancia.delito", "pk": 48, "fields": {"tipo": "hurto_motocicletas", "fecha": "2024-07-01", "cuadrante": 6, "descripcion": "Cargado desde Excel", "semana": 1, "cantidad": 2}}, {"model": "vigilancia.delito", "pk": 49, "fields": {"tipo": "hurto_residencias", "fecha": "2023-07-01", "cuadrante": 6, "descripcion": "Cargado desde Excel", "semana": 1, "cantidad": 2}}, {"model": "vigilancia.delito", "pk": 50, "fields": {"tipo": "hurto_comercio", "fecha": "2023-07-01", "cuadrante": 6, "descripcion": "Cargado desde Excel", "semana": 1, "cantidad": 1}}, {"model": "vigilancia.delito", "pk": 51, "fields": {"tipo": "hurto_comercio", "fecha": "2024-07-01", "cuadrante": 6, "descripcion": "Cargado desde Excel", "semana": 1, "cantidad": 1}}, {"model": "vigilancia.delito", "pk": 52, "fields": {"tipo": "homicidio", "fecha": "2023-07-01", "cuadrante": 7, "descripcion": "Cargado desde Excel", "semana": 1, "cantidad": 2}}, {"model": "vigilancia.delito", "pk": 53, "fields": {"tipo": "homicidio", "fecha": "2024-07-01", "cuadrante": 7, "descripcion": "Cargado desde Excel", "semana": 1, "cantidad": 2}}, {"model": "vigilancia.delito", "pk": 54, "fields": {"tipo": "hurto_automotores", "fecha": "2023-07-01", "cuadrante": 7, "descripcion": "Cargado desde Excel", "semana": 1, "cantidad": 2}}, {"model": "vigilancia.delito", "pk": 55, "fields": {"tipo": "hurto_automotores", "fecha": "2024-07-01", "cuadrante": 7, "descripcion": "Cargado desde Excel", "semana": 1, "cantidad": 2}}, {"model": "vigilancia.delito", "pk": 56, "fields": {"tipo": "hurto_motocicletas", "fecha": "2023-07-01", "cuadrante": 7, "descripcion": "Cargado desde Excel", "semana": 1, "cantidad": 4}}, {"model": "vigilancia.delito", "pk": 57, "fields": {"tipo": "hurto_motocicletas", "fecha": "2024-07-01", "cuadrante": 7, "descripcion": "Cargado desde Excel", "semana": 1, "cantidad": 2}}, {"model": "vigilancia.delito", "pk": 58, "fields": {"tipo": "hurto_residencias", "fecha": "2023-07-01", "cuadrante": 7, "descripcion": "Cargado desde Excel", "semana": 1, "cantidad": 2}}, {"model": "vigilancia.delito", "pk": 59, "fields": {"tipo": "hurto_residencias", "fecha": "2024-07-01", "cuadrante": 7, "descripcion": "Cargado desde Excel", "semana": 1, "cantidad": 1}}, {"model": "vigilancia.delito", "pk": 60, "fields": {"tipo": "hurto_comercio", "fecha": "2023-07-01", "cuadrante": 7, "descripcion": "Cargado desde Excel", "semana": 1, "cantidad": 1}}, {"model": "vigilancia.delito", "pk": 61, "fields": {"tipo": "hurto_comercio", "fecha": "2024-07-01", "cuadrante": 7, "descripcion": "Cargado desde Excel", "semana": 1, "cantidad": 1}}, {"model": "vigilancia.delito", "pk": 62, "fields": {"tipo": "homicidio", "fecha": "2023-07-01", "cuadrante": 8, "descripcion": "Cargado desde Excel", "semana": 1, "cantidad": 2}}, {"model": "vigilancia.delito", "pk": 63, "fields": {"tipo": "homicidio", "fecha": "2024-07-01", "cuadrante": 8, "descripcion": "Cargado desde Excel", "semana": 1, "cantidad": 3}}, {"model": "vigilancia.delito", "pk": 64, "fields": {"tipo": "lesiones", "fecha": "2023-07-01", "cuadrante": 8, "descripcion": "Cargado desde Excel", "semana": 1, "cantidad": 1}}, {"model": "vigilancia.delito", "pk": 65, "fields": {"tipo": "lesiones", "fecha": "2024-07-01", "cuadrante": 8, "descripcion": "Cargado desde Excel", "semana": 1, "cantidad": 3}}, {"model": "vigilancia.delito", "pk": 66, "fields": {"tipo": "hurto_personas", "fecha": "2023-07-01", "cuadrante": 8, "descripcion": "Cargado desde Excel", "semana": 1, "cantidad": 1}}, {"model": "vigilancia.delito", "pk": 67, "fields": {"tipo": "hurto_automotores", "fecha": "2023-07-01", "cuadrante": 8, "descripcion": "Cargado desde Excel", "semana": 1, "cantidad": 2}}, {"model": "vigilancia.delito", "pk": 68, "fields": {"tipo": "hurto_motocicletas", "fecha": "2023-07-01", "cuadrante": 8, "descripcion": "Cargado desde Excel", "semana": 1, "cantidad": 4}}, {"model": "vigilancia.delito", "pk": 69, "fields": {"tipo": "hurto_motocicletas", "fecha": "2024-07-01", "cuadrante": 8, "descripcion": "Cargado desde Excel", "semana": 1, "cantidad": 2}}, {"model": "vigilancia.delito", "pk": 70, "fields": {"tipo": "hurto_residencias", "fecha": "2023-07-01", "cuadrante": 8, "descripcion": "Cargado desde Excel", "semana": 1, "cantidad": 2}}, {"model": "vigilancia.delito", "pk": 71, "fields": {"tipo": "hurto_comercio", "fecha": "2023-07-01", "cuadrante": 8, "descripcion": "Cargado desde Excel", "semana": 1, "cantidad": 1}}, {"model": "vigilancia.delito", "pk": 72, "fields": {"tipo": "hurto_comercio", "fecha": "2024-07-01", "cuadrante": 8, "descripcion": "Cargado desde Excel", "semana": 1, "cantidad": 1}}, {"model": "vigilancia.delito", "pk": 73, "fields": {"tipo": "homicidio", "fecha": "2023-07-01", "cuadrante": 9, "descripcion": "Cargado desde Excel", "semana": 1, "cantidad": 2}}, {"model": "vigilancia.delito", "pk": 74, "fields": {"tipo": "homicidio", "fecha": "2024-07-01", "cuadrante": 9, "descripcion": "Cargado desde Excel", "semana": 1, "cantidad": 3}}, {"model": "vigilancia.delito", "pk": 75, "fields": {"tipo": "lesiones", "fecha": "2023-07-01", "cuadrante": 9, "descripcion": "Cargado desde Excel", "semana": 1, "cantidad": 1}}, {"model": "vigilancia.delito", "pk": 76, "fields": {"tipo": "lesiones", "fecha": "2024-07-01", "cuadrante": 9, "descripcion": "Cargado desde Excel", "semana": 1, "cantidad": 1}}, {"model": "vigilancia.delito", "pk": 77, "fields": {"tipo": "hurto_personas", "fecha": "2023-07-01", "cuadrante": 9, "descripcion": "Cargado desde Excel", "semana": 1, "cantidad": 1}}, {"model": "vigilancia.delito", "pk": 78, "fields": {"tipo": "hurto_automotores", "fecha": "2023-07-01", "cuadrante": 9, "descripcion": "Cargado desde Excel", "semana": 1, "cantidad": 2}}, {"model": "vigilancia.delito", "pk": 79, "fields": {"tipo": "hurto_motocicletas", "fecha": "2023-07-01", "cuadrante": 9, "descripcion": "Cargado desde Excel", "semana": 1, "cantidad": 4}}, {"model": "vigilancia.delito", "pk": 80, "fields": {"tipo": "hurto_motocicletas", "fecha": "2024-07-01", "cuadrante": 9, "descripcion": "Cargado desde Excel", "semana": 1, "cantidad": 2}}, {"model": "vigilancia.delito", "pk": 81, "fields": {"tipo": "hurto_residencias", "fecha": "2023-07-01", "cuadrante": 9, "descripcion": "Cargado desde Excel", "semana": 1, "cantidad": 2}}, {"model": "vigilancia.delito", "pk": 82, "fields": {"tipo": "hurto_residencias", "fecha": "2024-07-01", "cuadrante": 9, "descripcion": "Cargado desde Excel", "semana": 1, "cantidad": 3}}, {"model": "vigilancia.delito", "pk": 83, "fields": {"tipo": "hurto_comercio", "fecha": "2023-07-01", "cuadrante": 9, "descripcion": "Cargado desde Excel", "semana": 1, "cantidad": 1}}, {"model": "vigilancia.delito", "pk": 84, "fields": {"tipo": "hurto_comercio", "fecha": "2024-07-01", "cuadrante": 9, "descripcion": "Cargado desde Excel", "semana": 1, "cantidad": 1}}, {"model": "vigilancia.delito", "pk": 85, "fields": {"tipo": "homicidio", "fecha": "2023-07-01", "cuadrante": 10, "descripcion": "Cargado desde Excel", "semana": 1, "cantidad": 2}}, {"model": "vigilancia.delito", "pk": 86, "fields": {"tipo": "homicidio", "fecha": "2024-07-01", "cuadrante": 10, "descripcion": "Cargado desde Excel", "semana": 1, "cantidad": 1}}, {"model": "vigilancia.delito", "pk": 87, "fields": {"tipo": "lesiones", "fecha": "2023-07-01", "cuadrante": 10, "descripcion": "Cargado desde Excel", "semana": 1, "cantidad": 1}}, {"model": "vigilancia.delito", "pk": 88, "fields": {"tipo": "hurto_personas", "fecha": "2023-07-01", "cuadrante": 10, "descripcion": "Cargado desde Excel", "semana": 1, "cantidad": 1}}, {"model": "vigilancia.delito", "pk": 89, "fields": {"tipo": "hurto_personas", "fecha": "2024-07-01", "cuadrante": 10, "descripcion": "Cargado desde Excel", "semana": 1, "cantidad": 2}}, {"model": "vigilancia.delito", "pk": 90, "fields": {"tipo": "hurto_automotores", "fecha": "2023-07-01", "cuadrante": 10, "descripcion": "Cargado desde Excel", "semana": 1, "cantidad": 2}}, {"model": "vigilancia.delito", "pk": 91, "fields": {"tipo": "hurto_motocicletas", "fecha": "2023-07-01", "cuadrante": 10, "descripcion": "Cargado desde Excel", "semana": 1, "cantidad": 4}}, {"model": "vigilancia.delito", "pk": 92, "fields": {"tipo": "hurto_motocicletas", "fecha": "2024-07-01", "cuadrante": 10, "descripcion": "Cargado desde Excel", "semana": 1, "cantidad": 2}}, {"model": "vigilancia.delito", "pk": 93, "fields": {"tipo": "hurto_residencias", "fecha": "2023-07-01", "cuadrante": 10, "descripcion": "Cargado desde Excel", "semana": 1, "cantidad": 2}}, {"model": "vigilancia.delito", "pk": 94, "fields": {"tipo": "hurto_comercio", "fecha": "2023-07-01", "cuadrante": 10, "descripcion": "Cargado desde Excel", "semana": 1, "cantidad": 1}}, {"model": "vigilancia.delito", "pk": 95, "fields": {"tipo": "hurto_comercio", "fecha": "2024-07-01", "cuadrante": 10, "descripcion": "Cargado desde Excel", "semana": 1, "cantidad": 1}}, {"model": "vigilancia.delito", "pk": 96, "fields": {"tipo": "homicidio", "fecha": "2023-07-01", "cuadrante": 11, "descripcion": "Cargado desde Excel", "semana": 1, "cantidad": 2}}, {"model": "vigilancia.delito", "pk": 97, "fields": {"tipo": "hurto_automotores", "fecha": "2023-07-01", "cuadrante": 11, "descripcion": "Cargado desde Excel", "semana": 1, "cantidad": 2}}, {"model": "vigilancia.delito", "pk": 98, "fields": {"tipo": "hurto_motocicletas", "fecha": "2023-07-01", "cuadrante": 11, "descripcion": "Cargado desde Excel", "semana": 1, "cantidad": 4}}, {"model": "vigilancia.delito", "pk": 99, "fields": {"tipo": "hurto_motocicletas", "fecha": "2024-07-01", "cuadrante": 11, "descripcion": "Cargado desde Excel", "semana": 1, "cantidad": 2}}, {"model": "vigilancia.delito", "pk": 100, "fields": {"tipo": "hurto_residencias", "fecha": "2023-07-01", "cuadrante": 11, "descripcion": "Cargado desde Excel", "semana": 1, "cantidad": 2}}, {"model": "vigilancia.delito", "pk": 101, "fields": {"tipo": "hurto_comercio", "fecha": "2023-07-01", "cuadrante": 11, "descripcion": "Cargado desde Excel", "semana": 1, "cantidad": 1}}, {"model": "vigilancia.delito", "pk": 102, "fields": {"tipo": "hurto_comercio", "fecha": "2024-07-01", "cuadrante": 11, "descripcion": "Cargado desde Excel", "semana": 1, "cantidad": 1}}, {"model": "vigilancia.delito", "pk": 103, "fields": {"tipo": "homicidio", "fecha": "2023-07-01", "cuadrante": 12, "descripcion": "Cargado desde Excel", "semana": 1, "cantidad": 2}}, {"model": "vigilancia.delito", "pk": 104, "fields": {"tipo": "lesiones", "fecha": "2024-07-01", "cuadrante": 12, "descripcion": "Cargado desde Excel", "semana": 1, "cantidad": 2}}, {"model": "vigilancia.delito", "pk": 105, "fields": {"tipo": "hurto_automotores", "fecha": "2023-07-01", "cuadrante": 12, "descripcion": "Cargado desde Excel", "semana": 1, "cantidad": 2}}, {"model": "vigilancia.delito", "pk": 106, "fields": {"tipo": "hurto_motocicletas", "fecha": "2023-07-01", "cuadrante": 12, "descripcion": "Cargado desde Excel", "semana": 1, "cantidad": 4}}, {"model": "vigilancia.delito", "pk": 107, "fields": {"tipo": "hurto_motocicletas", "fecha": "2024-07-01", "cuadrante": 12, "descripcion": "Cargado desde Excel", "semana": 1, "cantidad": 2}}, {"model": "vigilancia.delito", "pk": 108, "fields": {"tipo": "hurto_residencias", "fecha": "2023-07-01", "cuadrante": 12, "descripcion": "Cargado desde Excel", "semana": 1, "cantidad": 2}}, {"model": "vigilancia.delito", "pk": 109, "fields": {"tipo": "hurto_comercio", "fecha": "2023-07-01", "cuadrante": 12, "descripcion": "Cargado desde Excel", "semana": 1, "cantidad": 1}}, {"model": "vigilancia.delito", "pk": 110, "fields": {"tipo": "hurto_comercio", "fecha": "2024-07-01", "cuadrante": 12, "descripcion": "Cargado desde Excel", "semana": 1, "cantidad": 1}}, {"model": "vigilancia.delito", "pk": 111, "fields": {"tipo": "homicidio", "fecha": "2023-07-01", "cuadrante": 13, "descripcion": "Cargado desde Excel", "semana": 1, "cantidad": 2}}, {"model": "vigilancia.delito", "pk": 112, "fields": {"tipo": "homicidio", "fecha": "2024-07-01", "cuadrante": 13, "descripcion": "Cargado desde Excel", "semana": 1, "cantidad": 6}}, {"model": "vigilancia.delito", "pk": 113, "fields": {"tipo": "hurto_automotores", "fecha": "2023-07-01", "cuadrante": 13, "descripcion": "Cargado desde Excel", "semana": 1, "cantidad": 2}}, {"model": "vigilancia.delito", "pk": 114, "fields": {"tipo": "hurto_motocicletas", "fecha": "2023-07-01", "cuadrante": 13, "descripcion": "Cargado desde Excel", "semana": 1, "cantidad": 4}}, {"model": "vigilancia.delito", "pk": 115, "fields": {"tipo": "hurto_motocicletas", "fecha": "2024-07-01", "cuadrante": 13, "descripcion": "Cargado desde Excel", "semana": 1, "cantidad": 2}}, {"model": "vigilancia.delito", "pk": 116, "fields": {"tipo": "hurto_residencias", "fecha": "2023-07-01", "cuadrante": 13, "descripcion": "Cargado desde Excel", "semana": 1, "cantidad": 2}}, {"model": "vigilancia.delito", "pk": 117, "fields": {"tipo": "hurto_comercio", "fecha": "2023-07-01", "cuadrante": 13, "descripcion": "Cargado desde Excel", "semana": 1, "cantidad": 1}}, {"model": "vigilancia.delito", "pk": 118, "fields": {"tipo": "hurto_comercio", "fecha": "2024-07-01", "cuadrante": 13, "descripcion": "Cargado desde Excel", "semana": 1, "cantidad": 1}}, {"model": "vigilancia.delito", "pk": 119, "fields": {"tipo": "homicidio", "fecha": "2023-07-01", "cuadrante": 14, "descripcion": "Cargado desde Excel", "semana": 1, "cantidad": 2}}, {"model": "vigilancia.delito", "pk": 120, "fields": {"tipo": "lesiones", "fecha": "2024-07-01", "cuadrante": 14, "descripcion": "Cargado desde Excel", "semana": 1, "cantidad": 5}}, {"model": "vigilancia.delito", "pk": 121, "fields": {"tipo": "hurto_automotores", "fecha": "2023-07-01", "cuadrante": 14, "descripcion": "Cargado desde Excel", "semana": 1, "cantidad": 2}}, {"model": "vigilancia.delito", "pk": 122, "fields": {"tipo": "hurto_automotores", "fecha": "2024-07-01", "cuadrante": 14, "descripcion": "Cargado desde Excel", "semana": 1, "cantidad": 1}}, {"model": "vigilancia.delito", "pk": 123, "fields": {"tipo": "hurto_motocicletas", "fecha": "2023-07-01", "cuadrante": 14, "descripcion": "Cargado desde Excel", "semana": 1, "cantidad": 4}}, {"model": "vigilancia.delito", "pk": 124, "fields": {"tipo": "hurto_motocicletas", "fecha": "2024-07-01", "cuadrante": 14, "descripcion": "Cargado desde Excel", "semana": 1, "cantidad": 2}}, {"model": "vigilancia.delito", "pk": 125, "fields": {"tipo": "hurto_residencias", "fecha": "2023-07-01", "cuadrante": 14, "descripcion": "Cargado desde Excel", "semana": 1, "cantidad": 2}}, {"model": "vigilancia.delito", "pk": 126, "fields": {"tipo": "hurto_comercio", "fecha": "2023-07-01", "cuadrante": 14, "descripcion": "Cargado desde Excel", "semana": 1, "cantidad": 1}}, {"model": "vigilancia.delito", "pk": 127, "fields": {"tipo": "hurto_comercio", "fecha": "2024-07-01", "cuadrante": 14, "descripcion": "Cargado desde Excel", "semana": 1, "cantidad": 1}}, {"model": "vigilancia.delito", "pk": 128, "fields": {"tipo": "homicidio", "fecha": "2023-07-01", "cuadrante": 15, "descripcion": "Cargado desde Excel", "semana": 1, "cantidad": 2}}, {"model": "vigilancia.delito", "pk": 129, "fields": {"tipo": "homicidio", "fecha": "2024-07-01", "cuadrante": 15, "descripcion": "Cargado desde Excel", "semana": 1, "cantidad": 7}}, {"model": "vigilancia.delito", "pk": 130, "fields": {"tipo": "hurto_automotores", "fecha": "2023-07-01", "cuadrante": 15, "descripcion": "Cargado desde Excel", "semana": 1, "cantidad": 2}}, {"model": "vigilancia.delito", "pk": 131, "fields": {"tipo": "hurto_motocicletas", "fecha": "2023-07-01", "cuadrante": 15, "descripcion": "Cargado desde Excel", "semana": 1, "cantidad": 4}}, {"model": "vigilancia.delito", "pk": 132, "fields": {"tipo": "hurto_motocicletas", "fecha": "2024-07-01", "cuadrante": 15, "descripcion": "Cargado desde Excel", "semana": 1, "cantidad": 2}}, {"model": "vigilancia.delito", "pk": 133, "fields": {"tipo": "hurto_residencias", "fecha": "2023-07-01", "cuadrante": 15, "descripcion": "Cargado desde Excel", "semana": 1, "cantidad": 2}}, {"model": "vigilancia.delito", "pk": 134, "fields": {"tipo": "hurto_comercio", "fecha": "2023-07-01", "cuadrante": 15, "descripcion": "Cargado desde Excel", "semana": 1, "cantidad": 1}}, {"model": "vigilancia.delito", "pk": 135, "fields": {"tipo": "hurto_comercio", "fecha": "2024-07-01", "cuadrante": 15, "descripcion": "Cargado desde Excel", "semana": 1, "cantidad": 1}}, {"model": "vigilancia.delito", "pk": 136, "fields": {"tipo": "homicidio", "fecha": "2023-07-01", "cuadrante": 16, "descripcion": "Cargado desde Excel", "semana": 1, "cantidad": 2}}, {"model": "vigilancia.delito", "pk": 137, "fields": {"tipo": "homicidio", "fecha": "2024-07-01", "cuadrante": 16, "descripcion": "Cargado desde Excel", "semana": 1, "cantidad": 2}}, {"model": "vigilancia.delito", "pk": 138, "fields": {"tipo": "hurto_automotores", "fecha": "2023-07-01", "cuadrante": 16, "descripcion": "Cargado desde Excel", "semana": 1, "cantidad": 2}}, {"model": "vigilancia.delito", "pk": 139, "fields": {"tipo": "hurto_automotores", "fecha": "2024-07-01", "cuadrante": 16, "descripcion": "Cargado desde Excel", "semana": 1, "cantidad": 2}}, {"model": "vigilancia.delito", "pk": 140, "fields": {"tipo": "hurto_motocicletas", "fecha": "2023-07-01", "cuadrante": 16, "descripcion": "Cargado desde Excel", "semana": 1, "cantidad": 4}}, {"model": "vigilancia.delito", "pk": 141, "fields": {"tipo": "hurto_motocicletas", "fecha": "2024-07-01", "cuadrante": 16, "descripcion": "Cargado desde Excel", "semana": 1, "cantidad": 2}}, {"model": "vigilancia.delito", "pk": 142, "fields": {"tipo": "hurto_residencias", "fecha": "2023-07-01", "cuadrante": 16, "descripcion": "Cargado desde Excel", "semana": 1, "cantidad": 2}}, {"model": "vigilancia.delito", "pk": 143, "fields": {"tipo": "hurto_residencias", "fecha": "2024-07-01", "cuadrante": 16, "descripcion": "Cargado desde Excel", "semana": 1, "cantidad": 1}}, {"model": "vigilancia.delito", "pk": 144, "fields": {"tipo": "hurto_comercio", "fecha": "2023-07-01", "cuadrante": 16, "descripcion": "Cargado desde Excel", "semana": 1, "cantidad": 1}}, {"model": "vigilancia.delito", "pk": 145, "fields": {"tipo": "hurto_comercio", "fecha": "2024-07-01", "cuadrante": 16, "descripcion": "Cargado desde Excel", "semana": 1, "cantidad": 1}}, {"model": "vigilancia.delito", "pk": 146, "fields": {"tipo": "homicidio", "fecha": "2023-07-01", "cuadrante": 17, "descripcion": "Cargado desde Excel", "semana": 1, "cantidad": 2}}, {"model": "vigilancia.delito", "pk": 147, "fields": {"tipo": "homicidio", "fecha": "2024-07-01", "cuadrante": 17, "descripcion": "Cargado desde Excel", "semana": 1, "cantidad": 3}}, {"model": "vigilancia.delito", "pk": 148, "fields": {"tipo": "lesiones", "fecha": "2023-07-01", "cuadrante": 17, "descripcion": "Cargado desde Excel", "semana": 1, "cantidad": 1}}, {"model": "vigilancia.delito", "pk": 149, "fields": {"tipo": "lesiones", "fecha": "2024-07-01", "cuadrante": 17, "descripcion": "Cargado desde Excel", "semana": 1, "cantidad": 3}}, {"model": "vigilancia.delito", "pk": 150, "fields": {"tipo": "hurto_personas", "fecha": "2023-07-01", "cuadrante": 17, "descripcion": "Cargado desde Excel", "semana": 1, "cantidad": 1}}, {"model": "vigilancia.delito", "pk": 151, "fields": {"tipo": "hurto_automotores", "fecha": "2023-07-01", "cuadrante": 17, "descripcion": "Cargado desde Excel", "semana": 1, "cantidad": 2}}, {"model": "vigilancia.delito", "pk": 152, "fields": {"tipo": "hurto_motocicletas", "fecha": "2023-07-01", "cuadrante": 17, "descripcion": "Cargado desde Excel", "semana": 1, "cantidad": 4}}, {"model": "vigilancia.delito", "pk": 153, "fields": {"tipo": "hurto_motocicletas", "fecha": "2024-07-01", "cuadrante": 17, "descripcion": "Cargado desde Excel", "semana": 1, "cantidad": 2}}, {"model": "vigilancia.delito", "pk": 154, "fields": {"tipo": "hurto_residencias", "fecha": "2023-07-01", "cuadrante": 17, "descripcion": "Cargado desde Excel", "semana": 1, "cantidad": 2}}, {"model": "vigilancia.delito", "pk": 155, "fields": {"tipo": "hurto_comercio", "fecha": "2023-07-01", "cuadrante": 17, "descripcion": "Cargado desde Excel", "semana": 1, "cantidad": 1}}, {"model": "vigilancia.delito", "pk": 156, "fields": {"tipo": "hurto_comercio", "fecha": "2024-07-01", "cuadrante": 17, "descripcion": "Cargado desde Excel", "semana": 1, "cantidad": 1}}, {"model": "vigilancia.delito", "pk": 157, "fields": {"tipo": "homicidio", "fecha": "2023-07-01", "cuadrante": 18, "descripcion": "Cargado desde Excel", "semana": 1, "cantidad": 2}}, {"model": "vigilancia.delito", "pk": 158, "fields": {"tipo": "homicidio", "fecha": "2024-07-01", "cuadrante": 18, "descripcion": "Cargado desde Excel", "semana": 1, "cantidad": 3}}, {"model": "vigilancia.delito", "pk": 159, "fields": {"tipo": "lesiones", "fecha": "2023-07-01", "cuadrante": 18, "descripcion": "Cargado desde Excel", "semana": 1, "cantidad": 1}}, {"model": "vigilancia.delito", "pk": 160, "fields": {"tipo": "lesiones", "fecha": "2024-07-01", "cuadrante": 18, "descripcion": "Cargado desde Excel", "semana": 1, "cantidad": 1}}, {"model": "vigilancia.delito", "pk": 161, "fields": {"tipo": "hurto_personas", "fecha": "2023-07-01", "cuadrante": 18, "descripcion": "Cargado desde Excel", "semana": 1, "cantidad": 1}}, {"model": "vigilancia.delito", "pk": 162, "fields": {"tipo": "hurto_automotores", "fecha": "2023-07-01", "cuadrante": 18, "descripcion": "Cargado desde Excel", "semana": 1, "cantidad": 2}}, {"model": "vigilancia.delito", "pk": 163, "fields": {"tipo": "hurto_motocicletas", "fecha": "2023-07-01", "cuadrante": 18, "descripcion": "Cargado desde Excel", "semana": 1, "cantidad": 4}}, {"model": "vigilancia.delito", "pk": 164, "fields": {"tipo": "hurto_motocicletas", "fecha": "2024-07-01", "cuadrante": 18, "descripcion": "Cargado desde Excel", "semana": 1, "cantidad": 2}}, {"model": "vigilancia.delito", "pk": 165, "fields": {"tipo": "hurto_residencias", "fecha": "2023-07-01", "cuadrante": 18, "descripcion": "Cargado desde Excel", "semana": 1, "cantidad": 2}}, {"model": "vigilancia.delito", "pk": 166, "fields": {"tipo": "hurto_residencias", "fecha": "2024-07-01", "cuadrante": 18, "descripcion": "Cargado desde Excel", "semana": 1, "cantidad": 3}}, {"model": "vigilancia.delito", "pk": 167, "fields": {"tipo": "hurto_comercio", "fecha": "2023-07-01", "cuadrante": 18, "descripcion": "Cargado desde Excel", "semana": 1, "cantidad": 1}}, {"model": "vigilancia.delito", "pk": 168, "fields": {"tipo": "hurto_comercio", "fecha": "2024-07-01", "cuadrante": 18, "descripcion": "Cargado desde Excel", "semana": 1, "cantidad": 1}}, {"model": "vigilancia.delito", "pk": 169, "fields": {"tipo": "homicidio", "fecha": "2023-07-01", "cuadrante": 19, "descripcion": "Cargado desde Excel", "semana": 1, "cantidad": 2}}, {"model": "vigilancia.delito", "pk": 170, "fields": {"tipo": "lesiones", "fecha": "2023-07-01", "cuadrante": 19, "descripcion": "Cargado desde Excel", "semana": 1, "cantidad": 1}}, {"model": "vigilancia.delito", "pk": 171, "fields": {"tipo": "lesiones", "fecha": "2024-07-01", "cuadrante": 19, "descripcion": "Cargado desde Excel", "semana": 1, "cantidad": 1}}, {"model": "vigilancia.delito", "pk": 172, "fields": {"tipo": "hurto_personas", "fecha": "2024-07-01", "cuadrante": 19, "descripcion": "Cargado desde Excel", "semana": 1, "cantidad": 1}}, {"model": "vigilancia.delito", "pk": 173, "fields": {"tipo": "hurto_automotores", "fecha": "2023-07-01", "cuadrante": 19, "descripcion": "Cargado desde Excel", "semana": 1, "cantidad": 2}}, {"model": "vigilancia.delito", "pk": 174, "fields": {"tipo": "hurto_motocicletas", "fecha": "2023-07-01", "cuadrante": 19, "descripcion": "Cargado desde Excel", "semana": 1, "cantidad": 4}}, {"model": "vigilancia.delito", "pk": 175, "fields": {"tipo": "hurto_motocicletas", "fecha": "2024-07-01", "cuadrante": 19, "descripcion": "Cargado desde Excel", "semana": 1, "cantidad": 2}}, {"model": "vigilancia.delito", "pk": 176, "fields": {"tipo": "hurto_residencias", "fecha": "2023-07-01", "cuadrante": 19, "descripcion": "Cargado desde Excel", "semana": 1, "cantidad": 2}}, {"model": "vigilancia.delito", "pk": 177, "fields": {"tipo": "hurto_comercio", "fecha": "2023-07-01", "cuadrante": 19, "descripcion": "Cargado desde Excel", "semana": 1, "cantidad": 1}}, {"model": "vigilancia.delito", "pk": 178, "fields": {"tipo": "hurto_comercio", "fecha": "2024-07-01", "cuadrante": 19, "descripcion": "Cargado desde Excel", "semana": 1, "cantidad": 1}}, {"model": "vigilancia.delito", "pk": 179, "fields": {"tipo": "homicidio", "fecha": "2023-07-01", "cuadrante": 20, "descripcion": "Cargado desde Excel", "semana": 1, "cantidad": 1}}, {"model": "vigilancia.delito", "pk": 180, "fields": {"tipo": "homicidio", "fecha": "2024-07-01", "cuadrante": 20, "descripcion": "Cargado desde Excel", "semana": 1, "cantidad": 1}}, {"model": "vigilancia.delito", "pk": 181, "fields": {"tipo": "lesiones", "fecha": "2023-07-01", "cuadrante": 20, "descripcion": "Cargado desde Excel", "semana": 1, "cantidad": 1}}, {"model": "vigilancia.delito", "pk": 182, "fields": {"tipo": "hurto_personas", "fecha": "2023-07-01", "cuadrante": 20, "descripcion": "Cargado desde Excel", "semana": 1, "cantidad": 1}}, {"model": "vigilancia.delito", "pk": 183, "fields": {"tipo": "hurto_personas", "fecha": "2024-07-01", "cuadrante": 20, "descripcion": "Cargado desde Excel", "semana": 1, "cantidad": 2}}, {"model": "vigilancia.delito", "pk": 184, "fields": {"tipo": "hurto_automotores", "fecha": "2023-07-01", "cuadrante": 20, "descripcion": "Cargado desde Excel", "semana": 1, "cantidad": 2}}, {"model": "vigilancia.delito", "pk": 185, "fields": {"tipo": "hurto_motocicletas", "fecha": "2023-07-01", "cuadrante": 20, "descripcion": "Cargado desde Excel", "semana": 1, "cantidad": 4}}, {"model": "vigilancia.delito", "pk": 186, "fields": {"tipo": "hurto_motocicletas", "fecha": "2024-07-01", "cuadrante": 20, "descripcion": "Cargado desde Excel", "semana": 1, "cantidad": 2}}, {"model": "vigilancia.delito", "pk": 187, "fields": {"tipo": "hurto_residencias", "fecha": "2023-07-01", "cuadrante": 20, "descripcion": "Cargado desde Excel", "semana": 1, "cantidad": 3}}, {"model": "vigilancia.delito", "pk": 188, "fields": {"tipo": "hurto_comercio", "fecha": "2023-07-01", "cuadrante": 20, "descripcion": "Cargado desde Excel", "semana": 1, "cantidad": 1}}, {"model": "vigilancia.delito", "pk": 189, "fields": {"tipo": "hurto_comercio", "fecha": "2024-07-01", "cuadrante": 20, "descripcion": "Cargado desde Excel", "semana": 1, "cantidad": 1}}, {"model": "vigilancia.delito", "pk": 190, "fields": {"tipo": "homicidio", "fecha": "2023-07-01", "cuadrante": 21, "descripcion": "Cargado desde Excel", "semana": 1, "cantidad": 1}}, {"model": "vigilancia.delito", "pk": 191, "fields": {"tipo": "hurto_automotores", "fecha": "2023-07-01", "cuadrante": 21, "descripcion": "Cargado desde Excel", "semana": 1, "cantidad": 2}}, {"model": "vigilancia.delito", "pk": 192, "fields": {"tipo": "hurto_motocicletas", "fecha": "2023-07-01", "cuadrante": 21, "descripcion": "Cargado desde Excel", "semana": 1, "cantidad": 4}}, {"model": "vigilancia.delito", "pk": 193, "fields": {"tipo": "hurto_motocicletas", "fecha": "2024-07-01", "cuadrante": 21, "descripcion": "Cargado desde Excel", "semana": 1, "cantidad": 2}}, {"model": "vigilancia.delito", "pk": 194, "fields": {"tipo": "hurto_residencias", "fecha": "2023-07-01", "cuadrante": 21, "descripcion": "Cargado desde Excel", "semana": 1, "cantidad": 3}}, {"model": "vigilancia.delito", "pk": 195, "fields": {"tipo": "hurto_comercio", "fecha": "2023-07-01", "cuadrante": 21, "descripcion": "Cargado desde Excel", "semana": 1, "cantidad": 1}}, {"model": "vigilancia.delito", "pk": 196, "fields": {"tipo": "hurto_comercio", "fecha": "2024-07-01", "cuadrante": 21, "descripcion": "Cargado desde Excel", "semana": 1, "cantidad": 1}}, {"model": "vigilancia.delito", "pk": 197, "fields": {"tipo": "homicidio", "fecha": "2023-07-01", "cuadrante": 22, "descripcion": "Cargado desde Excel", "semana": 1, "cantidad": 1}}, {"model": "vigilancia.delito", "pk": 198, "fields": {"tipo": "lesiones", "fecha": "2024-07-01", "cuadrante": 22, "descripcion": "Cargado desde Excel", "semana": 1, "cantidad": 2}}, {"model": "vigilancia.delito", "pk": 199, "fields": {"tipo": "hurto_automotores", "fecha": "2023-07-01", "cuadrante": 22, "descripcion": "Cargado desde Excel", "semana": 1, "cantidad": 2}}, {"model": "vigilancia.delito", "pk": 200, "fields": {"tipo": "hurto_motocicletas", "fecha": "2023-07-01", "cuadrante": 22, "descripcion": "Cargado desde Excel", "semana": 1, "cantidad": 4}}, {"model": "vigilancia.delito", "pk": 201, "fields": {"tipo": "hurto_motocicletas", "fecha": "2024-07-01", "cuadrante": 22, "descripcion": "Cargado desde Excel", "semana": 1, "cantidad": 2}}, {"model": "vigilancia.delito", "pk": 202, "fields": {"tipo": "hurto_residencias", "fecha": "2023-07-01", "cuadrante": 22, "descripcion": "Cargado desde Excel", "semana": 1, "cantidad": 3}}, {"model": "vigilancia.delito", "pk": 203, "fields": {"tipo": "hurto_comercio", "fecha": "2023-07-01", "cuadrante": 22, "descripcion": "Cargado desde Excel", "semana": 1, "cantidad": 1}}, {"model": "vigilancia.delito", "pk": 204, "fields": {"tipo": "hurto_comercio", "fecha": "2024-07-01", "cuadrante": 22, "descripcion": "Cargado desde Excel", "semana": 1, "cantidad": 1}}, {"model": "vigilancia.delito", "pk": 205, "fields": {"tipo": "homicidio", "fecha": "2023-07-01", "cuadrante": 23, "descripcion": "Cargado desde Excel", "semana": 1, "cantidad": 1}}, {"model": "vigilancia.delito", "pk": 206, "fields": {"tipo": "homicidio", "fecha": "2024-07-01", "cuadrante": 23, "descripcion": "Cargado desde Excel", "semana": 1, "cantidad": 6}}, {"model": "vigilancia.delito", "pk": 207, "fields": {"tipo": "hurto_automotores", "fecha": "2023-07-01", "cuadrante": 23, "descripcion": "Cargado desde Excel", "semana": 1, "cantidad": 2}}, {"model": "vigilancia.delito", "pk": 208, "fields": {"tipo": "hurto_motocicletas", "fecha": "2023-07-01", "cuadrante": 23, "descripcion": "Cargado desde Excel", "semana": 1, "cantidad": 4}}, {"model": "vigilancia.delito", "pk": 209, "fields": {"tipo": "hurto_motocicletas", "fecha": "2024-07-01", "cuadrante": 23, "descripcion": "Cargado desde Excel", "semana": 1, "cantidad": 2}}, {"model": "vigilancia.delito", "pk": 210, "fields": {"tipo": "hurto_residencias", "fecha": "2023-07-01", "cuadrante": 23, "descripcion": "Cargado desde Excel", "semana": 1, "cantidad": 3}}, {"model": "vigilancia.delito", "pk": 211, "fields": {"tipo": "hurto_comercio", "fecha": "2023-07-01", "cuadrante": 23, "descripcion": "Cargado desde Excel", "semana": 1, "cantidad": 1}}, {"model": "vigilancia.delito", "pk": 212, "fields": {"tipo": "hurto_comercio", "fecha": "2024-07-01", "cuadrante": 23, "descripcion": "Cargado desde Excel", "semana": 1, "cantidad": 1}}, {"model": "vigilancia.delito", "pk": 213, "fields": {"tipo": "homicidio", "fecha": "2023-07-01", "cuadrante": 24, "descripcion": "Cargado desde Excel", "semana": 1, "cantidad": 4}}, {"model": "vigilancia.delito", "pk": 214, "fields": {"tipo": "lesiones", "fecha": "2024-07-01", "cuadrante": 24, "descripcion": "Cargado desde Excel", "semana": 1, "cantidad": 5}}, {"model": "vigilancia.delito", "pk": 215, "fields": {"tipo": "hurto_automotores", "fecha": "2023-07-01", "cuadrante": 24, "descripcion": "Cargado desde Excel", "semana": 1, "cantidad": 2}}, {"model": "vigilancia.delito", "pk": 216, "fields": {"tipo": "hurto_automotores", "fecha": "2024-07-01", "cuadrante": 24, "descripcion": "Cargado desde Excel", "semana": 1, "cantidad": 1}}, {"model": "vigilancia.delito", "pk": 217, "fields": {"tipo": "hurto_motocicletas", "fecha": "2023-07-01", "cuadrante": 24, "descripcion": "Cargado desde Excel", "semana": 1, "cantidad": 4}}, {"model": "vigilancia.delito", "pk": 218, "fields": {"tipo": "hurto_motocicletas", "fecha": "2024-07-01", "cuadrante": 24, "descripcion": "Cargado desde Excel", "semana": 1, "cantidad": 2}}, {"model": "vigilancia.delito", "pk": 219, "fields": {"tipo": "hurto_residencias", "fecha": "2023-07-01", "cuadrante": 24, "descripcion": "Cargado desde Excel", "semana": 1, "cantidad": 3}}, {"model": "vigilancia.delito", "pk": 220, "fields": {"tipo": "hurto_comercio", "fecha": "2023-07-01", "cuadrante": 24, "descripcion": "Cargado desde Excel", "semana": 1, "cantidad": 1}}, {"model": "vigilancia.delito", "pk": 221, "fields": {"tipo": "hurto_comercio", "fecha": "2024-07-01", "cuadrante": 24, "descripcion": "Cargado desde Excel", "semana": 1, "cantidad": 1}}, {"model": "vigilancia.delito", "pk": 222, "fields": {"tipo": "homicidio", "fecha": "2023-07-01", "cuadrante": 25, "descripcion": "Cargado desde Excel", "semana": 1, "cantidad": 4}}, {"model": "vigilancia.delito", "pk": 223, "fields": {"tipo": "homicidio", "fecha": "2024-07-01", "cuadrante": 25, "descripcion": "Cargado desde Excel", "semana": 1, "cantidad": 7}}, {"model": "vigilancia.delito", "pk": 224, "fields": {"tipo": "hurto_automotores", "fecha": "2023-07-01", "cuadrante": 25, "descripcion": "Cargado desde Excel", "semana": 1, "cantidad": 2}}, {"model": "vigilancia.delito", "pk": 225, "fields": {"tipo": "hurto_motocicletas", "fecha": "2023-07-01", "cuadrante": 25, "descripcion": "Cargado desde Excel", "semana": 1, "cantidad": 4}}, {"model": "vigilancia.delito", "pk": 226, "fields": {"tipo": "hurto_motocicletas", "fecha": "2024-07-01", "cuadrante": 25, "descripcion": "Cargado desde Excel", "semana": 1, "cantidad": 2}}, {"model": "vigilancia.delito", "pk": 227, "fields": {"tipo": "hurto_residencias", "fecha": "2023-07-01", "cuadrante": 25, "descripcion": "Cargado desde Excel", "semana": 1, "cantidad": 3}}, {"model": "vigilancia.delito", "pk": 228, "fields": {"tipo": "hurto_comercio", "fecha": "2023-07-01", "cuadrante": 25, "descripcion": "Cargado desde Excel", "semana": 1, "cantidad": 1}}, {"model": "vigilancia.delito", "pk": 229, "fields": {"tipo": "hurto_comercio", "fecha": "2024-07-01", "cuadrante": 25, "descripcion": "Cargado desde Excel", "semana": 1, "cantidad": 1}}, {"model": "vigilancia.delito", "pk": 230, "fields": {"tipo": "homicidio", "fecha": "2023-07-01", "cuadrante": 26, "descripcion": "Cargado desde Excel", "semana": 1, "cantidad": 4}}, {"model": "vigilancia.delito", "pk": 231, "fields": {"tipo": "homicidio", "fecha": "2024-07-01", "cuadrante": 26, "descripcion": "Cargado desde Excel", "semana": 1, "cantidad": 2}}, {"model": "vigilancia.delito", "pk": 232, "fields": {"tipo": "hurto_automotores", "fecha": "2023-07-01", "cuadrante": 26, "descripcion": "Cargado desde Excel", "semana": 1, "cantidad": 2}}, {"model": "vigilancia.delito", "pk": 233, "fields": {"tipo": "hurto_automotores", "fecha": "2024-07-01", "cuadrante": 26, "descripcion": "Cargado desde Excel", "semana": 1, "cantidad": 2}}, {"model": "vigilancia.delito", "pk": 234, "fields": {"tipo": "hurto_motocicletas", "fecha": "2023-07-01", "cuadrante": 26, "descripcion": "Cargado desde Excel", "semana": 1, "cantidad": 4}}, {"model": "vigilancia.delito", "pk": 235, "fields": {"tipo": "hurto_motocicletas", "fecha": "2024-07-01", "cuadrante": 26, "descripcion": "Cargado desde Excel", "semana": 1, "cantidad": 2}}, {"model": "vigilancia.delito", "pk": 236, "fields": {"tipo": "hurto_residencias", "fecha": "2023-07-01", "cuadrante": 26, "descripcion": "Cargado desde Excel", "semana": 1, "cantidad": 3}}, {"model": "vigilancia.delito", "pk": 237, "fields": {"tipo": "hurto_residencias", "fecha": "2024-07-01", "cuadrante": 26, "descripcion": "Cargado desde Excel", "semana": 1, "cantidad": 1}}, {"model": "vigilancia.delito", "pk": 238, "fields": {"tipo": "hurto_comercio", "fecha": "2023-07-01", "cuadrante": 26, "descripcion": "Cargado desde Excel", "semana": 1, "cantidad": 1}}, {"model": "vigilancia.delito", "pk": 239, "fields": {"tipo": "hurto_comercio", "fecha": "2024-07-01", "cuadrante": 26, "descripcion": "Cargado desde Excel", "semana": 1, "cantidad": 1}}, {"model": "vigilancia.delito", "pk": 240, "fields": {"tipo": "homicidio", "fecha": "2023-07-01", "cuadrante": 27, "descripcion": "Cargado desde Excel", "semana": 1, "cantidad": 4}}, {"model": "vigilancia.delito", "pk": 241, "fields": {"tipo": "homicidio", "fecha": "2024-07-01", "cuadrante": 27, "descripcion": "Cargado desde Excel", "semana": 1, "cantidad": 3}}, {"model": "vigilancia.delito", "pk": 242, "fields": {"tipo": "lesiones", "fecha": "2023-07-01", "cuadrante": 27, "descripcion": "Cargado desde Excel", "semana": 1, "cantidad": 1}}, {"model": "vigilancia.delito", "pk": 243, "fields": {"tipo": "lesiones", "fecha": "2024-07-01", "cuadrante": 27, "descripcion": "Cargado desde Excel", "semana": 1, "cantidad": 3}}, {"model": "vigilancia.delito", "pk": 244, "fields": {"tipo": "hurto_personas", "fecha": "2023-07-01", "cuadrante": 27, "descripcion": "Cargado desde Excel", "semana": 1, "cantidad": 1}}, {"model": "vigilancia.delito", "pk": 245, "fields": {"tipo": "hurto_automotores", "fecha": "2023-07-01", "cuadrante": 27, "descripcion": "Cargado desde Excel", "semana": 1, "cantidad": 2}}, {"model": "vigilancia.delito", "pk": 246, "fields": {"tipo": "hurto_motocicletas", "fecha": "2023-07-01", "cuadrante": 27, "descripcion": "Cargado desde Excel", "semana": 1, "cantidad": 4}}, {"model": "vigilancia.delito", "pk": 247, "fields": {"tipo": "hurto_motocicletas", "fecha": "2024-07-01", "cuadrante": 27, "descripcion": "Cargado desde Excel", "semana": 1, "cantidad": 2}}, {"model": "vigilancia.delito", "pk": 248, "fields": {"tipo": "hurto_residencias", "fecha": "2023-07-01", "cuadrante": 27, "descripcion": "Cargado desde Excel", "semana": 1, "cantidad": 3}}, {"model": "vigilancia.delito", "pk": 249, "fields": {"tipo": "hurto_comercio", "fecha": "2023-07-01", "cuadrante": 27, "descripcion": "Cargado desde Excel", "semana": 1, "cantidad": 1}}, {"model": "vigilancia.delito", "pk": 250, "fields": {"tipo": "hurto_comercio", "fecha": "2024-07-01", "cuadrante": 27, "descripcion": "Cargado desde Excel", "semana": 1, "cantidad": 1}}, {"model": "vigilancia.delito", "pk": 251, "fields": {"tipo": "homicidio", "fecha": "2023-07-01", "cuadrante": 28, "descripcion": "Cargado desde Excel", "semana": 1, "cantidad": 4}}, {"model": "vigilancia.delito", "pk": 252, "fields": {"tipo": "homicidio", "fecha": "2024-07-01", "cuadrante": 28, "descripcion": "Cargado desde Excel", "semana": 1, "cantidad": 3}}, {"model": "vigilancia.delito", "pk": 253, "fields": {"tipo": "lesiones", "fecha": "2023-07-01", "cuadrante": 28, "descripcion": "Cargado desde Excel", "semana": 1, "cantidad": 1}}, {"model": "vigilancia.delito", "pk": 254, "fields": {"tipo": "lesiones", "fecha": "2024-07-01", "cuadrante": 28, "descripcion": "Cargado desde Excel", "semana": 1, "cantidad": 1}}, {"model": "vigilancia.delito", "pk": 255, "fields": {"tipo": "hurto_personas", "fecha": "2023-07-01", "cuadrante": 28, "descripcion": "Cargado desde Excel", "semana": 1, "cantidad": 1}}, {"model": "vigilancia.delito", "pk": 256, "fields": {"tipo": "hurto_automotores", "fecha": "2023-07-01", "cuadrante": 28, "descripcion": "Cargado desde Excel", "semana": 1, "cantidad": 2}}, {"model": "vigilancia.delito", "pk": 257, "fields": {"tipo": "hurto_motocicletas", "fecha": "2023-07-01", "cuadrante": 28, "descripcion": "Cargado desde Excel", "semana": 1, "cantidad": 4}}, {"model": "vigilancia.delito", "pk": 258, "fields": {"tipo": "hurto_motocicletas", "fecha": "2024-07-01", "cuadrante": 28, "descripcion": "Cargado desde Excel", "semana": 1, "cantidad": 2}}, {"model": "vigilancia.delito", "pk": 259, "fields": {"tipo": "hurto_residencias", "fecha": "2023-07-01", "cuadrante": 28, "descripcion": "Cargado desde Excel", "semana": 1, "cantidad": 3}}, {"model": "vigilancia.delito", "pk": 260, "fields": {"tipo": "hurto_residencias", "fecha": "2024-07-01", "cuadrante": 28, "descripcion": "Cargado desde Excel", "semana": 1, "cantidad": 3}}, {"model": "vigilancia.delito", "pk": 261, "fields": {"tipo": "hurto_comercio", "fecha": "2023-07-01", "cuadrante": 28, "descripcion": "Cargado desde Excel", "semana": 1, "cantidad": 1}}, {"model": "vigilancia.delito", "pk": 262, "fields": {"tipo": "hurto_comercio", "fecha": "2024-07-01", "cuadrante": 28, "descripcion": "Cargado desde Excel", "semana": 1, "cantidad": 1}}, {"model": "vigilancia.delito", "pk": 263, "fields": {"tipo": "homicidio", "fecha": "2023-07-01", "cuadrante": 29, "descripcion": "Cargado desde Excel", "semana": 1, "cantidad": 4}}, {"model": "vigilancia.delito", "pk": 264, "fields": {"tipo": "lesiones", "fecha": "2023-07-01", "cuadrante": 29, "descripcion": "Cargado desde Excel", "semana": 1, "cantidad": 1}}, {"model": "vigilancia.delito", "pk": 265, "fields": {"tipo": "lesiones", "fecha": "2024-07-01", "cuadrante": 29, "descripcion": "Cargado desde Excel", "semana": 1, "cantidad": 1}}, {"model": "vigilancia.delito", "pk": 266, "fields": {"tipo": "hurto_personas", "fecha": "2024-07-01", "cuadrante": 29, "descripcion": "Cargado desde Excel", "semana": 1, "cantidad": 1}}, {"model": "vigilancia.delito", "pk": 267, "fields": {"tipo": "hurto_automotores", "fecha": "2023-07-01", "cuadrante": 29, "descripcion": "Cargado desde Excel", "semana": 1, "cantidad": 2}}, {"model": "vigilancia.delito", "pk": 268, "fields": {"tipo": "hurto_motocicletas", "fecha": "2023-07-01", "cuadrante": 29, "descripcion": "Cargado desde Excel", "semana": 1, "cantidad": 4}}, {"model": "vigilancia.delito", "pk": 269, "fields": {"tipo": "hurto_motocicletas", "fecha": "2024-07-01", "cuadrante": 29, "descripcion": "Cargado desde Excel", "semana": 1, "cantidad": 2}}, {"model": "vigilancia.delito", "pk": 270, "fields": {"tipo": "hurto_residencias", "fecha": "2023-07-01", "cuadrante": 29, "descripcion": "Cargado desde Excel", "semana": 1, "cantidad": 3}}, {"model": "vigilancia.delito", "pk": 271, "fields": {"tipo": "hurto_comercio", "fecha": "2023-07-01", "cuadrante": 29, "descripcion": "Cargado desde Excel", "semana": 1, "cantidad": 1}}, {"model": "vigilancia.delito", "pk": 272, "fields": {"tipo": "hurto_comercio", "fecha": "2024-07-01", "cuadrante": 29, "descripcion": "Cargado desde Excel", "semana": 1, "cantidad": 1}}, {"model": "vigilancia.delito", "pk": 273, "fields": {"tipo": "homicidio", "fecha": "2023-07-01", "cuadrante": 30, "descripcion": "Cargado desde Excel", "semana": 1, "cantidad": 4}}, {"model": "vigilancia.delito", "pk": 274, "fields": {"tipo": "homicidio", "fecha": "2024-07-01", "cuadrante": 30, "descripcion": "Cargado desde Excel", "semana": 1, "cantidad": 1}}, {"model": "vigilancia.delito", "pk": 275, "fields": {"tipo": "lesiones", "fecha": "2024-07-01", "cuadrante": 30, "descripcion": "Cargado desde Excel", "semana": 1, "cantidad": 1}}, {"model": "vigilancia.delito", "pk": 276, "fields": {"tipo": "hurto_personas", "fecha": "2023-07-01", "cuadrante": 30, "descripcion": "Cargado desde Excel", "semana": 1, "cantidad": 1}}, {"model": "vigilancia.delito", "pk": 277, "fields": {"tipo": "hurto_automotores", "fecha": "2023-07-01", "cuadrante": 30, "descripcion": "Cargado desde Excel", "semana": 1, "cantidad": 2}}, {"model": "vigilancia.delito", "pk": 278, "fields": {"tipo": "hurto_motocicletas", "fecha": "2023-07-01", "cuadrante": 30, "descripcion": "Cargado desde Excel", "semana": 1, "cantidad": 4}}, {"model": "vigilancia.delito", "pk": 279, "fields": {"tipo": "hurto_motocicletas", "fecha": "2024-07-01", "cuadrante": 30, "descripcion": "Cargado desde Excel", "semana": 1, "cantidad": 2}}, {"model": "vigilancia.delito", "pk": 280, "fields": {"tipo": "hurto_residencias", "fecha": "2023-07-01", "cuadrante": 30, "descripcion": "Cargado desde Excel", "semana": 1, "cantidad": 3}}, {"model": "vigilancia.delito", "pk": 281, "fields": {"tipo": "hurto_comercio", "fecha": "2023-07-01", "cuadrante": 30, "descripcion": "Cargado desde Excel", "semana": 1, "cantidad": 1}}, {"model": "vigilancia.delito", "pk": 282, "fields": {"tipo": "hurto_comercio", "fecha": "2024-07-01", "cuadrante": 30, "descripcion": "Cargado desde Excel", "semana": 1, "cantidad": 1}}, {"model": "vigilancia.delito", "pk": 283, "fields": {"tipo": "homicidio", "fecha": "2023-07-01", "cuadrante": 31, "descripcion": "Cargado desde Excel", "semana": 1, "cantidad": 2}}, {"model": "vigilancia.delito", "pk": 284, "fields": {"tipo": "lesiones", "fecha": "2024-07-01", "cuadrante": 31, "descripcion": "Cargado desde Excel", "semana": 1, "cantidad": 5}}, {"model": "vigilancia.delito", "pk": 285, "fields": {"tipo": "hurto_automotores", "fecha": "2023-07-01", "cuadrante": 31, "descripcion": "Cargado desde Excel", "semana": 1, "cantidad": 2}}, {"model": "vigilancia.delito", "pk": 286, "fields": {"tipo": "hurto_automotores", "fecha": "2024-07-01", "cuadrante": 31, "descripcion": "Cargado desde Excel", "semana": 1, "cantidad": 1}}, {"model": "vigilancia.delito", "pk": 287, "fields": {"tipo": "hurto_motocicletas", "fecha": "2023-07-01", "cuadrante": 31, "descripcion": "Cargado desde Excel", "semana": 1, "cantidad": 4}}, {"model": "vigilancia.delito", "pk": 288, "fields": {"tipo": "hurto_motocicletas", "fecha": "2024-07-01", "cuadrante": 31, "descripcion": "Cargado desde Excel", "semana": 1, "cantidad": 2}}, {"model": "vigilancia.delito", "pk": 289, "fields": {"tipo": "hurto_residencias", "fecha": "2023-07-01", "cuadrante": 31, "descripcion": "Cargado desde Excel", "semana": 1, "cantidad": 2}}, {"model": "vigilancia.delito", "pk": 290, "fields": {"tipo": "hurto_comercio", "fecha": "2023-07-01", "cuadrante": 31, "descripcion": "Cargado desde Excel", "semana": 1, "cantidad": 1}}, {"model": "vigilancia.delito", "pk": 291, "fields": {"tipo": "hurto_comercio", "fecha": "2024-07-01", "cuadrante": 31, "descripcion": "Cargado desde Excel", "semana": 1, "cantidad": 1}}, {"model": "vigilancia.delito", "pk": 292, "fields": {"tipo": "homicidio", "fecha": "2023-07-01", "cuadrante": 32, "descripcion": "Cargado desde Excel", "semana": 1, "cantidad": 2}}, {"model": "vigilancia.delito", "pk": 293, "fields": {"tipo": "homicidio", "fecha": "2024-07-01", "cuadrante": 32, "descripcion": "Cargado desde Excel", "semana": 1, "cantidad": 7}}, {"model": "vigilancia.delito", "pk": 294, "fields": {"tipo": "hurto_automotores", "fecha": "2023-07-01", "cuadrante": 32, "descripcion": "Cargado desde Excel", "semana": 1, "cantidad": 2}}, {"model": "vigilancia.delito", "pk": 295, "fields": {"tipo": "hurto_motocicletas", "fecha": "2023-07-01", "cuadrante": 32, "descripcion": "Cargado desde Excel", "semana": 1, "cantidad": 4}}, {"model": "vigilancia.delito", "pk": 296, "fields": {"tipo": "hurto_motocicletas", "fecha": "2024-07-01", "cuadrante": 32, "descripcion": "Cargado desde Excel", "semana": 1, "cantidad": 2}}, {"model": "vigilancia.delito", "pk": 297, "fields": {"tipo": "hurto_residencias", "fecha": "2023-07-01", "cuadrante": 32, "descripcion": "Cargado desde Excel", "semana": 1, "cantidad": 2}}, {"model": "vigilancia.delito", "pk": 298, "fields": {"tipo": "hurto_comercio", "fecha": "2023-07-01", "cuadrante": 32, "descripcion": "Cargado desde Excel", "semana": 1, "cantidad": 1}}, {"model": "vigilancia.delito", "pk": 299, "fields": {"tipo": "hurto_comercio", "fecha": "2024-07-01", "cuadrante": 32, "descripcion": "Cargado desde Excel", "semana": 1, "cantidad": 1}}, {"model": "vigilancia.delito", "pk": 300, "fields": {"tipo": "homicidio", "fecha": "2023-07-01", "cuadrante": 33, "descripcion": "Cargado desde Excel", "semana": 1, "cantidad": 2}}, {"model": "vigilancia.delito", "pk": 301, "fields": {"tipo": "homicidio", "fecha": "2024-07-01", "cuadrante": 33, "descripcion": "Cargado desde Excel", "semana": 1, "cantidad": 2}}, {"model": "vigilancia.delito", "pk": 302, "fields": {"tipo": "hurto_automotores", "fecha": "2023-07-01", "cuadrante": 33, "descripcion": "Cargado desde Excel", "semana": 1, "cantidad": 2}}, {"model": "vigilancia.delito", "pk": 303, "fields": {"tipo": "hurto_automotores", "fecha": "2024-07-01", "cuadrante": 33, "descripcion": "Cargado desde Excel", "semana": 1, "cantidad": 2}}, {"model": "vigilancia.delito", "pk": 304, "fields": {"tipo": "hurto_motocicletas", "fecha": "2023-07-01", "cuadrante": 33, "descripcion": "Cargado desde Excel", "semana": 1, "cantidad": 4}}, {"model": "vigilancia.delito", "pk": 305, "fields": {"tipo": "hurto_motocicletas", "fecha": "2024-07-01", "cuadrante": 33, "descripcion": "Cargado desde Excel", "semana": 1, "cantidad": 2}}, {"model": "vigilancia.delito", "pk": 306, "fields": {"tipo": "hurto_residencias", "fecha": "2023-07-01", "cuadrante": 33, "descripcion": "Cargado desde Excel", "semana": 1, "cantidad": 2}}, {"model": "vigilancia.delito", "pk": 307, "fields": {"tipo": "hurto_residencias", "fecha": "2024-07-01", "cuadrante": 33, "descripcion": "Cargado desde Excel", "semana": 1, "cantidad": 1}}, {"model": "vigilancia.delito", "pk": 308, "fields": {"tipo": "hurto_comercio", "fecha": "2023-07-01", "cuadrante": 33, "descripcion": "Cargado desde Excel", "semana": 1, "cantidad": 1}}, {"model": "vigilancia.delito", "pk": 309, "fields": {"tipo": "hurto_comercio", "fecha": "2024-07-01", "cuadrante": 33, "descripcion": "Cargado desde Excel", "semana": 1, "cantidad": 1}}, {"model": "vigilancia.delito", "pk": 310, "fields": {"tipo": "homicidio", "fecha": "2023-07-01", "cuadrante": 34, "descripcion": "Cargado desde Excel", "semana": 1, "cantidad": 2}}, {"model": "vigilancia.delito", "pk": 311, "fields": {"tipo": "homicidio", "fecha": "2024-07-01", "cuadrante": 34, "descripcion": "Cargado desde Excel", "semana": 1, "cantidad": 3}}, {"model": "vigilancia.delito", "pk": 312, "fields": {"tipo": "lesiones", "fecha": "2023-07-01", "cuadrante": 34, "descripcion": "Cargado desde Excel", "semana": 1, "cantidad": 1}}, {"model": "vigilancia.delito", "pk": 313, "fields": {"tipo": "lesiones", "fecha": "2024-07-01", "cuadrante": 34, "descripcion": "Cargado desde Excel", "semana": 1, "cantidad": 3}}, {"model": "vigilancia.delito", "pk": 314, "fields": {"tipo": "hurto_personas", "fecha": "2023-07-01", "cuadrante": 34, "descripcion": "Cargado desde Excel", "semana": 1, "cantidad": 1}}, {"model": "vigilancia.delito", "pk": 315, "fields": {"tipo": "hurto_automotores", "fecha": "2023-07-01", "cuadrante": 34, "descripcion": "Cargado desde Excel", "semana": 1, "cantidad": 2}}, {"model": "vigilancia.delito", "pk": 316, "fields": {"tipo": "hurto_motocicletas", "fecha": "2023-07-01", "cuadrante": 34, "descripcion": "Cargado desde Excel", "semana": 1, "cantidad": 4}}, {"model": "vigilancia.delito", "pk": 317, "fields": {"tipo": "hurto_motocicletas", "fecha": "2024-07-01", "cuadrante": 34, "descripcion": "Cargado desde Excel", "semana": 1, "cantidad": 2}}, {"model": "vigilancia.delito", "pk": 318, "fields": {"tipo": "hurto_residencias", "fecha": "2023-07-01", "cuadrante": 34, "descripcion": "Cargado desde Excel", "semana": 1, "cantidad": 2}}, {"model": "vigilancia.delito", "pk": 319, "fields": {"tipo": "hurto_comercio", "fecha": "2023-07-01", "cuadrante": 34, "descripcion": "Cargado desde Excel", "semana": 1, "cantidad": 1}}, {"model": "vigilancia.delito", "pk": 320, "fields": {"tipo": "hurto_comercio", "fecha": "2024-07-01", "cuadrante": 34, "descripcion": "Cargado desde Excel", "semana": 1, "cantidad": 1}}, {"model": "vigilancia.delito", "pk": 321, "fields": {"tipo": "homicidio", "fecha": "2023-07-01", "cuadrante": 35, "descripcion": "Cargado desde Excel", "semana": 1, "cantidad": 2}}, {"model": "vigilancia.delito", "pk": 322, "fields": {"tipo": "homicidio", "fecha": "2024-07-01", "cuadrante": 35, "descripcion": "Cargado desde Excel", "semana": 1, "cantidad": 3}}, {"model": "vigilancia.delito", "pk": 323, "fields": {"tipo": "lesiones", "fecha": "2023-07-01", "cuadrante": 35, "descripcion": "Cargado desde Excel", "semana": 1, "cantidad": 1}}, {"model": "vigilancia.delito", "pk": 324, "fields": {"tipo": "lesiones", "fecha": "2024-07-01", "cuadrante": 35, "descripcion": "Cargado desde Excel", "semana": 1, "cantidad": 1}}, {"model": "vigilancia.delito", "pk": 325, "fields": {"tipo": "hurto_personas", "fecha": "2023-07-01", "cuadrante": 35, "descripcion": "Cargado desde Excel", "semana": 1, "cantidad": 1}}, {"model": "vigilancia.delito", "pk": 326, "fields": {"tipo": "hurto_automotores", "fecha": "2023-07-01", "cuadrante": 35, "descripcion": "Cargado desde Excel", "semana": 1, "cantidad": 2}}, {"model": "vigilancia.delito", "pk": 327, "fields": {"tipo": "hurto_motocicletas", "fecha": "2023-07-01", "cuadrante": 35, "descripcion": "Cargado desde Excel", "semana": 1, "cantidad": 4}}, {"model": "vigilancia.delito", "pk": 328, "fields": {"tipo": "hurto_motocicletas", "fecha": "2024-07-01", "cuadrante": 35, "descripcion": "Cargado desde Excel", "semana": 1, "cantidad": 2}}, {"model": "vigilancia.delito", "pk": 329, "fields": {"tipo": "hurto_residencias", "fecha": "2023-07-01", "cuadrante": 35, "descripcion": "Cargado desde Excel", "semana": 1, "cantidad": 2}}, {"model": "vigilancia.delito", "pk": 330, "fields": {"tipo": "hurto_residencias", "fecha": "2024-07-01", "cuadrante": 35, "descripcion": "Cargado desde Excel", "semana": 1, "cantidad": 3}}, {"model": "vigilancia.delito", "pk": 331, "fields": {"tipo": "hurto_comercio", "fecha": "2023-07-01", "cuadrante": 35, "descripcion": "Cargado desde Excel", "semana": 1, "cantidad": 1}}, {"model": "vigilancia.delito", "pk": 332, "fields": {"tipo": "hurto_comercio", "fecha": "2024-07-01", "cuadrante": 35, "descripcion": "Cargado desde Excel", "semana": 1, "cantidad": 1}}, {"model": "vigilancia.delito", "pk": 333, "fields": {"tipo": "homicidio", "fecha": "2023-07-01", "cuadrante": 36, "descripcion": "Cargado desde Excel", "semana": 1, "cantidad": 2}}, {"model": "vigilancia.delito", "pk": 334, "fields": {"tipo": "lesiones", "fecha": "2023-07-01", "cuadrante": 36, "descripcion": "Cargado desde Excel", "semana": 1, "cantidad": 1}}, {"model": "vigilancia.delito", "pk": 335, "fields": {"tipo": "lesiones", "fecha": "2024-07-01", "cuadrante": 36, "descripcion": "Cargado desde Excel", "semana": 1, "cantidad": 1}}, {"model": "vigilancia.delito", "pk": 336, "fields": {"tipo": "hurto_personas", "fecha": "2024-07-01", "cuadrante": 36, "descripcion": "Cargado desde Excel", "semana": 1, "cantidad": 1}}, {"model": "vigilancia.delito", "pk": 337, "fields": {"tipo": "hurto_automotores", "fecha": "2023-07-01", "cuadrante": 36, "descripcion": "Cargado desde Excel", "semana": 1, "cantidad": 2}}, {"model": "vigilancia.delito", "pk": 338, "fields": {"tipo": "hurto_motocicletas", "fecha": "2023-07-01", "cuadrante": 36, "descripcion": "Cargado desde Excel", "semana": 1, "cantidad": 4}}, {"model": "vigilancia.delito", "pk": 339, "fields": {"tipo": "hurto_motocicletas", "fecha": "2024-07-01", "cuadrante": 36, "descripcion": "Cargado desde Excel", "semana": 1, "cantidad": 2}}, {"model": "vigilancia.delito", "pk": 340, "fields": {"tipo": "hurto_residencias", "fecha": "2023-07-01", "cuadrante": 36, "descripcion": "Cargado desde Excel", "semana": 1, "cantidad": 2}}, {"model": "vigilancia.delito", "pk": 341, "fields": {"tipo": "hurto_comercio", "fecha": "2023-07-01", "cuadrante": 36, "descripcion": "Cargado desde Excel", "semana": 1, "cantidad": 1}}, {"model": "vigilancia.delito", "pk": 342, "fields": {"tipo": "hurto_comercio", "fecha": "2024-07-01", "cuadrante": 36, "descripcion": "Cargado desde Excel", "semana": 1, "cantidad": 1}}, {"model": "vigilancia.delito", "pk": 343, "fields": {"tipo": "homicidio", "fecha": "2023-07-01", "cuadrante": 37, "descripcion": "Cargado desde Excel", "semana": 1, "cantidad": 1}}, {"model": "vigilancia.delito", "pk": 344, "fields": {"tipo": "homicidio", "fecha": "2024-07-01", "cuadrante": 37, "descripcion": "Cargado desde Excel", "semana": 1, "cantidad": 1}}, {"model": "vigilancia.delito", "pk": 345, "fields": {"tipo": "lesiones", "fecha": "2023-07-01", "cuadrante": 37, "descripcion": "Cargado desde Excel", "semana": 1, "cantidad": 1}}, {"model": "vigilancia.delito", "pk": 346, "fields": {"tipo": "hurto_personas", "fecha": "2023-07-01", "cuadrante": 37, "descripcion": "Cargado desde Excel", "semana": 1, "cantidad": 1}}, {"model": "vigilancia.delito", "pk": 347, "fields": {"tipo": "hurto_personas", "fecha": "2024-07-01", "cuadrante": 37, "descripcion": "Cargado desde Excel", "semana": 1, "cantidad": 2}}, {"model": "vigilancia.delito", "pk": 348, "fields": {"tipo": "hurto_automotores", "fecha": "2023-07-01", "cuadrante": 37, "descripcion": "Cargado desde Excel", "semana": 1, "cantidad": 2}}, {"model": "vigilancia.delito", "pk": 349, "fields": {"tipo": "hurto_motocicletas", "fecha": "2023-07-01", "cuadrante": 37, "descripcion": "Cargado desde Excel", "semana": 1, "cantidad": 4}}, {"model": "vigilancia.delito", "pk": 350, "fields": {"tipo": "hurto_motocicletas", "fecha": "2024-07-01", "cuadrante": 37, "descripcion": "Cargado desde Excel", "semana": 1, "cantidad": 2}}, {"model": "vigilancia.delito", "pk": 351, "fields": {"tipo": "hurto_residencias", "fecha": "2023-07-01", "cuadrante": 37, "descripcion": "Cargado desde Excel", "semana": 1, "cantidad": 3}}, {"model": "vigilancia.delito", "pk": 352, "fields": {"tipo": "hurto_comercio", "fecha": "2023-07-01", "cuadrante": 37, "descripcion": "Cargado desde Excel", "semana": 1, "cantidad": 1}}, {"model": "vigilancia.delito", "pk": 353, "fields": {"tipo": "hurto_comercio", "fecha": "2024-07-01", "cuadrante": 37, "descripcion": "Cargado desde Excel", "semana": 1, "cantidad": 1}}, {"model": "vigilancia.delito", "pk": 354, "fields": {"tipo": "homicidio", "fecha": "2023-07-01", "cuadrante": 38, "descripcion": "Cargado desde Excel", "semana": 1, "cantidad": 1}}, {"model": "vigilancia.delito", "pk": 355, "fields": {"tipo": "hurto_automotores", "fecha": "2023-07-01", "cuadrante": 38, "descripcion": "Cargado desde Excel", "semana": 1, "cantidad": 2}}, {"model": "vigilancia.delito", "pk": 356, "fields": {"tipo": "hurto_motocicletas", "fecha": "2023-07-01", "cuadrante": 38, "descripcion": "Cargado desde Excel", "semana": 1, "cantidad": 4}}, {"model": "vigilancia.delito", "pk": 357, "fields": {"tipo": "hurto_motocicletas", "fecha": "2024-07-01", "cuadrante": 38, "descripcion": "Cargado desde Excel", "semana": 1, "cantidad": 2}}, {"model": "vigilancia.delito", "pk": 358, "fields": {"tipo": "hurto_residencias", "fecha": "2023-07-01", "cuadrante": 38, "descripcion": "Cargado desde Excel", "semana": 1, "cantidad": 3}}, {"model": "vigilancia.delito", "pk": 359, "fields": {"tipo": "hurto_comercio", "fecha": "2023-07-01", "cuadrante": 38, "descripcion": "Cargado desde Excel", "semana": 1, "cantidad": 1}}, {"model": "vigilancia.delito", "pk": 360, "fields": {"tipo": "hurto_comercio", "fecha": "2024-07-01", "cuadrante": 38, "descripcion": "Cargado desde Excel", "semana": 1, "cantidad": 1}}, {"model": "vigilancia.delito", "pk": 361, "fields": {"tipo": "homicidio", "fecha": "2023-07-01", "cuadrante": 39, "descripcion": "Cargado desde Excel", "semana": 1, "cantidad": 1}}, {"model": "vigilancia.delito", "pk": 362, "fields": {"tipo": "lesiones", "fecha": "2024-07-01", "cuadrante": 39, "descripcion": "Cargado desde Excel", "semana": 1, "cantidad": 2}}, {"model": "vigilancia.delito", "pk": 363, "fields": {"tipo": "hurto_automotores", "fecha": "2023-07-01", "cuadrante": 39, "descripcion": "Cargado desde Excel", "semana": 1, "cantidad": 2}}, {"model": "vigilancia.delito", "pk": 364, "fields": {"tipo": "hurto_motocicletas", "fecha": "2023-07-01", "cuadrante": 39, "descripcion": "Cargado desde Excel", "semana": 1, "cantidad": 4}}, {"model": "vigilancia.delito", "pk": 365, "fields": {"tipo": "hurto_motocicletas", "fecha": "2024-07-01", "cuadrante": 39, "descripcion": "Cargado desde Excel", "semana": 1, "cantidad": 2}}, {"model": "vigilancia.delito", "pk": 366, "fields": {"tipo": "hurto_residencias", "fecha": "2023-07-01", "cuadrante": 39, "descripcion": "Cargado desde Excel", "semana": 1, "cantidad": 3}}, {"model": "vigilancia.delito", "pk": 367, "fields": {"tipo": "hurto_comercio", "fecha": "2023-07-01", "cuadrante": 39, "descripcion": "Cargado desde Excel", "semana": 1, "cantidad": 1}}, {"model": "vigilancia.delito", "pk": 368, "fields": {"tipo": "hurto_comercio", "fecha": "2024-07-01", "cuadrante": 39, "descripcion": "Cargado desde Excel", "semana": 1, "cantidad": 1}}, {"model": "vigilancia.delito", "pk": 369, "fields": {"tipo": "homicidio", "fecha": "2023-07-01", "cuadrante": 40, "descripcion": "Cargado desde Excel", "semana": 1, "cantidad": 1}}, {"model": "vigilancia.delito", "pk": 370, "fields": {"tipo": "homicidio", "fecha": "2024-07-01", "cuadrante": 40, "descripcion": "Cargado desde Excel", "semana": 1, "cantidad": 6}}, {"model": "vigilancia.delito", "pk": 371, "fields": {"tipo": "hurto_automotores", "fecha": "2023-07-01", "cuadrante": 40, "descripcion": "Cargado desde Excel", "semana": 1, "cantidad": 2}}, {"model": "vigilancia.delito", "pk": 372, "fields": {"tipo": "hurto_motocicletas", "fecha": "2023-07-01", "cuadrante": 40, "descripcion": "Cargado desde Excel", "semana": 1, "cantidad": 4}}, {"model": "vigilancia.delito", "pk": 373, "fields": {"tipo": "hurto_motocicletas", "fecha": "2024-07-01", "cuadrante": 40, "descripcion": "Cargado desde Excel", "semana": 1, "cantidad": 2}}, {"model": "vigilancia.delito", "pk": 374, "fields": {"tipo": "hurto_residencias", "fecha": "2023-07-01", "cuadrante": 40, "descripcion": "Cargado desde Excel", "semana": 1, "cantidad": 3}}, {"model": "vigilancia.delito", "pk": 375, "fields": {"tipo": "hurto_comercio", "fecha": "2023-07-01", "cuadrante": 40, "descripcion": "Cargado desde Excel", "semana": 1, "cantidad": 1}}, {"model": "vigilancia.delito", "pk": 376, "fields": {"tipo": "hurto_comercio", "fecha": "2024-07-01", "cuadrante": 40, "descripcion": "Cargado desde Excel", "semana": 1, "cantidad": 1}}]